{"cameraMode":{"drawMode":0,"name":"Shaded","section":"Shading Mode"},"sceneLighting":true,"audioPlay":false,"sceneViewState":{"showFog":true,"showMaterialUpdate":false,"showSkybox":true,"showFlares":true,"showImageEffects":true,"showParticleSystems":true},"in2DMode":false,"pivot":{"x":3.9596123695373537,"y":32.49854278564453,"z":13.790306091308594},"rotation":{"x":-0.3194737434387207,"y":0.017381517216563226,"z":-0.005849199369549751,"w":-0.9474514722824097},"size":5.013695240020752,"orthographic":false}